{
  "info": {
    "_postman_id": "b1e0d3f0-8e7b-41e0-ae47-08e1c36d0833",
    "name": "Person API",
    "description": "API for managing persons",
    "schema": "https://schema.getpostman.com/json/collection/v2.1.0/collection.json"
  },
  "item": [
    {
      "name": "Add Person",
      "request": {
        "method": "POST",
        "header": [
          {
            "key": "Content-Type",
            "value": "application/json"
          }
        ],
        "body": {
          "mode": "raw",
          "raw": "{\"name\": \"John\", \"surname\": \"Doe\", \"address\": \"123 Main St\"}"
        },
        "url": {
          "raw": "http://localhost:8080/persons",
          "protocol": "http",
          "host": [
            "localhost"
          ],
          "port": "8080",
          "path": [
            "persons"
          ]
        }
      },
      "response": []
    },
    {
      "name": "Get Person by ID",
      "request": {
        "method": "GET",
        "url": {
          "raw": "http://localhost:8080/persons/1",
          "protocol": "http",
          "host": [
            "localhost"
          ],
          "port": "8080",
          "path": [
            "persons",
            "1"
          ]
        }
      },
      "response": []
    },
    {
      "name": "Get All Persons",
      "request": {
        "method": "GET",
        "url": {
          "raw": "http://localhost:8080/persons",
          "protocol": "http",
          "host": [
            "localhost"
          ],
          "port": "8080",
          "path": [
            "persons"
          ]
        }
      },
      "response": []
    },
    {
      "name": "Update Person",
      "request": {
        "method": "PUT",
        "header": [
          {
            "key": "Content-Type",
            "value": "application/json"
          }
        ],
        "body": {
          "mode": "raw",
          "raw": "{\"name\": \"Jane\", \"surname\": \"Doe\", \"address\": \"456 Main St\"}"
        },
        "url": {
          "raw": "http://localhost:8080/persons/1",
          "protocol": "http",
          "host": [
            "localhost"
          ],
          "port": "8080",
          "path": [
            "persons",
            "1"
          ]
        }
      },
      "response": []
    },
    {
      "name": "Patch Person",
      "request": {
        "method": "PATCH",
        "header": [
          {
            "key": "Content-Type",
            "value": "application/json"
          }
        ],
        "body": {
          "mode": "raw",
          "raw": "{\"name\": \"Johnny\"}"
        },
        "url": {
          "raw": "http://localhost:8080/persons/1",
          "protocol": "http",
          "host": [
            "localhost"
          ],
          "port": "8080",
          "path": [
            "persons",
            "1"
          ]
        }
      },
      "response": []
    },
    {
      "name": "Delete Person",
      "request": {
        "method": "DELETE",
        "url": {
          "raw": "http://localhost:8080/persons/1",
          "protocol": "http",
          "host": [
            "localhost"
          ],
          "port": "8080",
          "path": [
            "persons",
            "1"
          ]
        }
      },
      "response": []
    }
  ]
}